[{"_allAttributes":null,"_properties":null,"_methods":null,"file":"c:/BDMS/Blood Donation Management System/force-app/main/default/lwc/app/app.js","metadata":{"decorators":[{"type":"track","targets":[{"name":"isNavbarCollapsed","type":"property"},{"name":"currentPage","type":"property"}]}],"classMembers":[{"name":"isNavbarCollapsed","type":"property","value":{"type":"boolean","value":false},"decorator":"track","loc":{"start":{"line":4,"column":4},"end":{"line":4,"column":37}}},{"name":"currentPage","type":"property","decorator":"track","loc":{"start":{"line":5,"column":4},"end":{"line":5,"column":32}}},{"name":"handleNavbarToggle","type":"method","loc":{"start":{"line":7,"column":4},"end":{"line":9,"column":5}}},{"name":"handleInternalNavigation","type":"method","loc":{"start":{"line":11,"column":4},"end":{"line":13,"column":5}}},{"name":"mainContentClass","type":"property","loc":{"start":{"line":14,"column":4},"end":{"line":16,"column":5}}},{"name":"isHomePage","type":"property","loc":{"start":{"line":18,"column":4},"end":{"line":20,"column":5}}},{"name":"isInventoryPage","type":"property","loc":{"start":{"line":22,"column":4},"end":{"line":24,"column":5}}},{"name":"isDonarPage","type":"property","loc":{"start":{"line":26,"column":4},"end":{"line":28,"column":5}}},{"name":"isDonationCamp","type":"property","loc":{"start":{"line":29,"column":4},"end":{"line":31,"column":5}}},{"name":"isRaiseRequest","type":"property","loc":{"start":{"line":32,"column":4},"end":{"line":34,"column":5}}},{"name":"isCampRegister","type":"property","loc":{"start":{"line":35,"column":4},"end":{"line":37,"column":5}}},{"name":"isHospitalPage","type":"property","loc":{"start":{"line":38,"column":4},"end":{"line":40,"column":5}}}],"declarationLoc":{"start":{"line":3,"column":0},"end":{"line":41,"column":1}},"doc":"","exports":[{"type":"ExportDefaultDeclaration"}]},"updatedAt":"2025-06-19T09:55:13.955Z"},{"_allAttributes":null,"_properties":null,"_methods":null,"file":"c:/BDMS/Blood Donation Management System/force-app/main/default/lwc/dynamicNavbar/dynamicNavbar.js","metadata":{"decorators":[{"type":"api","targets":[{"name":"collapsed","type":"property"}]},{"type":"track","targets":[{"name":"_collapsed","type":"property"},{"name":"logo","type":"property"}]}],"classMembers":[{"name":"collapsed","type":"property","decorator":"api","loc":{"start":{"line":8,"column":4},"end":{"line":11,"column":5}}},{"name":"logo","type":"property","value":{"type":"unresolved"},"decorator":"track","loc":{"start":{"line":17,"column":4},"end":{"line":17,"column":23}}},{"name":"navbarClass","type":"property","loc":{"start":{"line":18,"column":4},"end":{"line":20,"column":5}}},{"name":"navItems","type":"property","loc":{"start":{"line":22,"column":4},"end":{"line":30,"column":6}}},{"name":"toggleMenu","type":"method","loc":{"start":{"line":32,"column":4},"end":{"line":40,"column":5}}},{"name":"navigateToPage","type":"method","loc":{"start":{"line":42,"column":4},"end":{"line":53,"column":5}}}],"declarationLoc":{"start":{"line":5,"column":0},"end":{"line":54,"column":1}},"doc":"","exports":[{"type":"ExportDefaultDeclaration"}]},"updatedAt":"2025-06-19T18:31:39.246Z"},{"_allAttributes":null,"_properties":null,"_methods":null,"file":"c:/BDMS/Blood Donation Management System/force-app/main/default/lwc/home/home.js","metadata":{"decorators":[{"type":"wire","targets":[{"type":"method","name":"gettingCount","static":{},"params":{},"adapter":{"name":"bloodBagCounts","reference":"@salesforce/apex/BloodDonorController.getCount"}}]},{"type":"track","targets":[{"name":"imageUrl","type":"property"},{"name":"data","type":"property"},{"name":"error","type":"property"},{"name":"bloodDrop","type":"property"}]}],"classMembers":[{"name":"imageUrl","type":"property","value":{"type":"unresolved"},"decorator":"track","loc":{"start":{"line":6,"column":4},"end":{"line":6,"column":38}}},{"name":"data","type":"property","decorator":"track","loc":{"start":{"line":7,"column":4},"end":{"line":7,"column":16}}},{"name":"error","type":"property","decorator":"track","loc":{"start":{"line":8,"column":4},"end":{"line":8,"column":17}}},{"name":"bloodDrop","type":"property","value":{"type":"unresolved"},"decorator":"track","loc":{"start":{"line":9,"column":4},"end":{"line":9,"column":40}}},{"name":"backgroundStyle","type":"property","loc":{"start":{"line":10,"column":4},"end":{"line":12,"column":5}}},{"name":"gettingCount","type":"method","decorator":"wire","loc":{"start":{"line":14,"column":4},"end":{"line":24,"column":5}}}],"declarationLoc":{"start":{"line":5,"column":0},"end":{"line":25,"column":1}},"doc":"","exports":[{"type":"ExportDefaultDeclaration"}]},"updatedAt":"2025-06-19T03:48:20.381Z"},{"_allAttributes":null,"_properties":null,"_methods":null,"file":"c:/BDMS/Blood Donation Management System/force-app/main/default/lwc/bloodDonarPage/bloodDonarPage.js","metadata":{"decorators":[{"type":"wire","targets":[{"type":"method","name":"wiredDonors","static":{},"params":{},"adapter":{"name":"getBloodDonors","reference":"@salesforce/apex/BloodDonorController.getBloodDonors"}}]}],"classMembers":[{"name":"donors","type":"property","loc":{"start":{"line":6,"column":4},"end":{"line":6,"column":11}}},{"name":"error","type":"property","loc":{"start":{"line":7,"column":4},"end":{"line":7,"column":10}}},{"name":"columns","type":"property","loc":{"start":{"line":10,"column":4},"end":{"line":16,"column":6}}},{"name":"wiredDonors","type":"method","decorator":"wire","loc":{"start":{"line":19,"column":4},"end":{"line":29,"column":5}}}],"declarationLoc":{"start":{"line":5,"column":0},"end":{"line":30,"column":1}},"doc":"","exports":[{"type":"ExportDefaultDeclaration"}]},"updatedAt":"2025-06-18T09:29:00.297Z"},{"_allAttributes":null,"_properties":null,"_methods":null,"file":"c:/BDMS/Blood Donation Management System/force-app/main/default/lwc/bloodInventory/bloodInventory.js","metadata":{"decorators":[{"type":"wire","targets":[{"type":"method","name":"wiredRecords","static":{"objectApiName":{"type":"unresolved"},"listViewApiName":{"type":"string","value":"All"}},"params":{},"adapter":{"name":"getListUi","reference":"lightning/uiListApi"}}]},{"type":"track","targets":[{"name":"data","type":"property"},{"name":"columns","type":"property"},{"name":"draftValues","type":"property"}]}],"classMembers":[{"name":"data","type":"property","decorator":"track","loc":{"start":{"line":22,"column":4},"end":{"line":22,"column":16}}},{"name":"columns","type":"property","decorator":"track","loc":{"start":{"line":23,"column":4},"end":{"line":23,"column":29}}},{"name":"draftValues","type":"property","decorator":"track","loc":{"start":{"line":24,"column":4},"end":{"line":24,"column":28}}},{"name":"error","type":"property","loc":{"start":{"line":25,"column":4},"end":{"line":25,"column":10}}},{"name":"wiredRecords","type":"method","decorator":"wire","loc":{"start":{"line":27,"column":4},"end":{"line":46,"column":5}}},{"name":"handleSave","type":"method","loc":{"start":{"line":48,"column":4},"end":{"line":64,"column":5}}},{"name":"showToast","type":"method","loc":{"start":{"line":66,"column":4},"end":{"line":73,"column":5}}}],"declarationLoc":{"start":{"line":21,"column":0},"end":{"line":74,"column":1}},"doc":"","exports":[{"type":"ExportDefaultDeclaration"}]},"updatedAt":"2025-06-19T15:56:12.660Z"},{"_allAttributes":null,"_properties":null,"_methods":null,"file":"c:/BDMS/Blood Donation Management System/force-app/main/default/lwc/bloodRequest/bloodRequest.js","metadata":{"decorators":[],"classMembers":[{"name":"handleStatusChange","type":"method","loc":{"start":{"line":4,"column":4},"end":{"line":6,"column":5}}},{"name":"handleError","type":"method","loc":{"start":{"line":8,"column":4},"end":{"line":11,"column":5}}}],"declarationLoc":{"start":{"line":3,"column":0},"end":{"line":12,"column":1}},"doc":"","exports":[{"type":"ExportDefaultDeclaration"}]},"updatedAt":"2025-06-18T15:56:08.618Z"},{"_allAttributes":null,"_properties":null,"_methods":null,"file":"c:/BDMS/Blood Donation Management System/force-app/main/default/lwc/donationCamps/donationCamps.js","metadata":{"decorators":[{"type":"wire","targets":[{"type":"method","name":"wiredcamp","static":{},"params":{},"adapter":{"name":"Camp","reference":"@salesforce/apex/BloodDonorController.getDonationCamp"}}]}],"classMembers":[{"name":"bloodCampObject","type":"property","value":{"type":"unresolved"},"loc":{"start":{"line":9,"column":4},"end":{"line":9,"column":41}}},{"name":"fields","type":"property","loc":{"start":{"line":10,"column":4},"end":{"line":10,"column":46}}},{"name":"CreateCamp","type":"method","loc":{"start":{"line":11,"column":4},"end":{"line":20,"column":5}}},{"name":"camps","type":"property","loc":{"start":{"line":21,"column":4},"end":{"line":21,"column":10}}},{"name":"error","type":"property","loc":{"start":{"line":22,"column":4},"end":{"line":22,"column":10}}},{"name":"columns","type":"property","loc":{"start":{"line":23,"column":4},"end":{"line":27,"column":5}}},{"name":"wiredcamp","type":"method","decorator":"wire","loc":{"start":{"line":29,"column":4},"end":{"line":37,"column":2}}}],"declarationLoc":{"start":{"line":8,"column":0},"end":{"line":39,"column":1}},"doc":"","exports":[{"type":"ExportDefaultDeclaration"}]},"updatedAt":"2025-06-19T16:01:11.576Z"},{"_allAttributes":null,"_properties":null,"_methods":null,"file":"c:/BDMS/Blood Donation Management System/force-app/main/default/lwc/campRegiters/campRegiters.js","metadata":{"decorators":[],"classMembers":[{"name":"handleStatusChange","type":"method","loc":{"start":{"line":4,"column":4},"end":{"line":6,"column":5}}},{"name":"handleError","type":"method","loc":{"start":{"line":8,"column":4},"end":{"line":11,"column":5}}}],"declarationLoc":{"start":{"line":3,"column":0},"end":{"line":12,"column":1}},"doc":"","exports":[{"type":"ExportDefaultDeclaration"}]},"updatedAt":"2025-06-19T09:22:07.609Z"},{"_allAttributes":null,"_properties":null,"_methods":null,"file":"c:/BDMS/Blood Donation Management System/force-app/main/default/lwc/hospitalPage/hospitalPage.js","metadata":{"decorators":[{"type":"wire","targets":[{"type":"method","name":"wiredHospitals","static":{},"params":{},"adapter":{"name":"getHospitalRecord","reference":"@salesforce/apex/BloodDonorController.getHospital"}}]}],"classMembers":[{"name":"hospitals","type":"property","loc":{"start":{"line":4,"column":4},"end":{"line":4,"column":14}}},{"name":"errors","type":"property","loc":{"start":{"line":5,"column":4},"end":{"line":5,"column":11}}},{"name":"columns","type":"property","loc":{"start":{"line":6,"column":4},"end":{"line":12,"column":6}}},{"name":"wiredHospitals","type":"method","decorator":"wire","loc":{"start":{"line":13,"column":4},"end":{"line":23,"column":5}}}],"declarationLoc":{"start":{"line":3,"column":0},"end":{"line":24,"column":1}},"doc":"","exports":[{"type":"ExportDefaultDeclaration"}]},"updatedAt":"2025-06-19T11:41:58.418Z"}]